,Source_Lat,Source_Long,Dest_Lat,Dest_Long
0,12.941644,77.557335,12.942002,77.551605
1,12.845487,77.662079,12.845881,77.667892
2,12.973492,77.622871,12.957303,77.621246
3,12.819298,77.688995,12.814241,77.692986
4,12.97324,77.615402,13.01617,77.6278
5,12.992674,77.71183,12.992256,77.717758
6,13.085214,77.504883,13.089375,77.510239
7,12.892545,77.637688,12.902433,77.631485
8,12.914073,77.677109,12.920435,77.665199
9,12.850122,77.691895,12.828327,77.681847
10,12.900307,77.543839,12.904333,77.526543
11,12.916436,77.634163,12.923277,77.646187
12,12.956146,77.730095,12.936775,77.744904
13,12.88248,77.566002,12.921233,77.573547
14,12.871475,77.652405,12.859189,77.661942
15,12.959431,77.654312,12.954478,77.680267
16,12.920255,77.666176,12.890496,77.730896
17,12.959415,77.577614,12.933421,77.611404
18,12.955979,77.727341,12.956989,77.741592
19,13.070952,77.592644,13.089075,77.593933
20,12.868822,77.653671,12.904237,77.63047
21,12.990982,77.60511,12.982463,77.595131
22,13.104506,77.6045,13.099761,77.597702
23,12.987133,77.519279,12.989498,77.50605
24,12.85077,77.588272,12.845629,77.609688
25,12.88393,77.566612,12.898944,77.572395
26,12.978214,77.63298,12.97116,77.641151
27,12.91685,77.629913,12.917485,77.624115
28,12.972341,77.610512,12.961688,77.634666
29,12.842587,77.618332,12.840149,77.631134
30,12.916741,77.603012,12.916648,77.611504
31,12.899898,77.572815,12.907303,77.573265
32,12.895862,77.721733,12.908976,77.688995
33,12.940009,77.576965,12.945193,77.576805
34,13.047049,77.570526,13.025491,77.534409
35,12.963616,77.568016,12.928392,77.503029
36,12.960352,77.70121,12.961136,77.716507
37,12.9477705,77.5340855,12.94215167,77.52546183
38,13.019137,77.539627,13.012594,77.544044
39,12.95249,77.567406,12.94287,77.565407
40,12.802291,77.704231,12.816779,77.690598
41,12.896377,77.635315,12.904462,77.630363
42,12.961101,77.637749,12.959337,77.657784
43,12.958085,77.577538,12.941764,77.564613
44,12.92916,77.564301,12.93796,77.549911
45,12.955354,77.688797,12.951596,77.744728
46,12.965995,77.587219,12.946444,77.597305
47,12.987473,77.649261,12.967622,77.589104
48,13.056636,77.474948,13.045824,77.506123
49,13.070094,77.783478,13.053206,77.761948
50,12.908071,77.692505,12.897628,77.718048
51,12.845048,77.588127,12.902307,77.544395
52,12.982251,77.693306,12.970608,77.700218
53,12.992567,77.757065,12.980572,77.727684
54,12.923478,77.671257,12.917505,77.641159
55,12.874935,77.542709,12.866883,77.534904
56,13.146157,77.729103,13.153788,77.728996
57,12.9094,77.563683,12.916092,77.569275
58,13.003089,77.571243,13.008426,77.571136
59,12.917021,77.588181,12.917685,77.576767
60,12.916456,77.632645,12.802951,77.702911
61,12.990452,77.452728,12.977882,77.430534
62,12.95734,77.57328,12.963074,77.576347
63,12.995309,77.696083,12.987458,77.649353
64,12.943751,77.747002,12.956803,77.745354
65,12.951312,77.595245,12.919123,77.600075
66,13.051661,77.761497,12.974604,77.750572
67,13.035137,77.528679,13.032967,77.533249
68,13.045031,77.563118,13.043528,77.584869
69,12.985831,77.645134,12.995682,77.666412
70,12.983442,77.638672,12.986523,77.646828
71,12.844735,77.513412,12.84993,77.522255
72,12.907287,77.474754,12.923842,77.484909
73,12.928292,77.61908,12.919261,77.621468
74,12.959405,77.651466,12.960343,77.642754
75,12.975111,77.552444,12.988118,77.495361
76,13.074835,77.437271,13.059281,77.464973
77,12.92014,77.492455,12.950934,77.537437
78,12.925328,77.737213,12.890611,77.749756
79,12.967774,77.536173,13.0495,77.557493
80,12.917385,77.622459,12.924567,77.649963
81,12.952935,77.54129,12.961301,77.559555
82,13.0327,77.637115,13.021094,77.62986
83,12.965038,77.52327,12.975453,77.548065
84,12.948257,77.570213,12.911601,77.552162
85,13.146791,77.617798,13.155124,77.622192
86,12.812122,77.583214,12.857008,77.588905
87,12.885777,77.641914,12.902362,77.631668
88,12.93707,77.57988,12.911473,77.572937
89,12.961222,77.716629,12.956317,77.695129
90,13.042034,77.624976,13.013043,77.66326
91,12.991776,77.601913,12.977579,77.590462
92,13.054086,77.532853,13.037724,77.557465
93,12.971696,77.537669,12.958476,77.497097
94,12.975589,77.552414,12.956204,77.533043
95,13.038268,77.521927,13.024797,77.547264
96,12.844498,77.773193,12.877315,77.765114
97,12.847419,77.67704,12.843885,77.673096
98,13.077308,77.592651,13.101162,77.569878
99,13.110688,77.578178,13.053394,77.556801
100,13.019874,77.507713,13.041056,77.617561
101,13.102983,77.599716,13.099418,77.596848
102,12.988814,77.754425,12.995497,77.758415
103,12.904395,77.573204,12.91284,77.572983
104,12.999022,77.595108,13.003739,77.593491
105,12.916201,77.639458,12.916181,77.617699
106,12.929337,77.563179,12.919774,77.559845
107,12.963009,77.617142,12.957436,77.620918
108,12.896157,77.720116,12.901368,77.708023
109,12.948291,77.535036,12.933452,77.542556
110,12.914248,77.59967,12.950519,77.592407
111,12.862654,77.564438,12.887149,77.565125
112,12.917648,77.576088,12.917161,77.582687
113,12.916547,77.60688,12.916734,77.596039
114,13.041092,77.618706,13.027934,77.633186
115,12.917639,77.671822,12.924888,77.634872
116,12.896267,77.63546,12.859106,77.661987
117,12.91218,77.485558,12.902856,77.518555
118,12.955319,77.688622,12.956224,77.708878
119,12.91665,77.615204,12.928538,77.585991
120,13.041259,77.622504,13.045371,77.6273
121,12.997832,77.689636,12.993255,77.704643
122,13.018573,77.557381,13.016326,77.562263
123,12.963878,77.576736,12.975469,77.575224
124,13.018129,77.557198,12.982424,77.57262
125,13.029204,77.539482,13.030996,77.559883
126,13.043613,77.60701,13.042619,77.590622
127,13.000121,77.618988,12.98417,77.603096
128,12.938402,77.578758,12.901612,77.585861
129,12.908462,77.628075,12.892349,77.638031
130,13.000447,77.676315,12.993713,77.703308
131,12.866237,77.591881,12.871936,77.593742
132,13.055682,77.59359,13.046188,77.591553
133,13.005294,77.56923,12.996939,77.572383
134,12.920774,77.665039,12.950567,77.596024
135,12.966919,77.610512,12.964305,77.577515
136,12.975406,77.575607,12.978847,77.58297
137,12.871654,77.766563,12.881721,77.753075
138,12.994985,77.628672,12.983453,77.602769
139,12.987096,77.594696,12.995893,77.595894
140,12.998262,77.557976,12.990142,77.574265
141,12.976971,77.720642,12.971415,77.712112
142,12.953851,77.591614,12.948219,77.579117
143,12.840268,77.659904,12.836127,77.657326
144,13.06236,77.773369,12.95406,77.744255
145,12.912573,77.480812,12.946495,77.496208
146,13.054525,77.5494,13.048844,77.554459
147,13.097721,77.567856,13.043247,77.556992
148,12.914816,77.448288,12.922152,77.474686
149,12.968854,77.594635,12.957989,77.6716
150,12.935065,77.743675,12.941269,77.746437
151,12.934206,77.546494,12.938411,77.555717
152,13.054032,77.54982,13.064573,77.54414
153,13.015338,77.583855,13.102862,77.585358
154,12.99816,77.672173,12.99072,77.656326
155,12.97614,77.60289,12.980957,77.602921
156,13.005675,77.685928,13.011714,77.698555
157,12.917611,77.572906,12.938281,77.578827
158,12.89732,77.546776,12.913564,77.558929
159,13.066837,77.503342,13.043073,77.512733
160,12.907582,77.573196,12.822943,77.513962
161,12.987235,77.574226,12.996348,77.564056
162,13.072254,77.787003,13.06465,77.775398
163,12.986154,77.477814,12.990975,77.467461
164,12.922023,77.600212,12.902744,77.601357
165,13.09696,77.592575,12.992462,77.599426
166,12.981986,77.533234,12.982532,77.568016
167,12.846973,77.671806,12.802692,77.704239
168,12.871396,77.538345,12.936941,77.579742
169,13.019408,77.654549,13.026308,77.636597
170,12.920731,77.665573,12.923834,77.65303
171,12.932486,77.541801,12.925156,77.550407
172,12.971436,77.610405,12.971758,77.655373
173,13.040541,77.5896,13.05528,77.593208
174,12.956696,77.675209,12.958073,77.668915
175,12.910593,77.551147,12.914925,77.563553
176,12.994631,77.604774,12.987571,77.62117
177,13.041028,77.620895,13.035095,77.557381
178,12.933837,77.582764,12.954037,77.576691
179,13.010444,77.583801,13.031185,77.587074
180,12.956176,77.60569,12.929512,77.600723
181,13.055029,77.646873,13.030015,77.634628
182,12.995358,77.696373,12.983872,77.752144
183,13.001643,77.683464,13.03596,77.735748
184,12.909465,77.565025,12.917171,77.582207
185,13.079946,77.737411,13.028226,77.760223
186,12.851091,77.521942,12.923218,77.575935
187,12.927416,77.545815,12.932873,77.545349
188,13.01747,77.704803,13.026482,77.720589
189,12.921553,77.644302,12.924395,77.651016
190,12.959961,77.556374,12.940006,77.523949
191,12.982659,77.635834,12.98647,77.646622
192,13.04619,77.750702,13.008711,77.696342
193,12.983567,77.529999,12.986508,77.521187
194,13.080948,77.422318,13.076153,77.434837
195,12.988944,77.573952,13.004745,77.572189
196,13.011233,77.662247,13.011493,77.675224
197,13.131909,77.660233,13.132552,77.651749
198,12.936959,77.579819,12.946948,77.576828
199,12.835681,77.679512,12.826477,77.682785
200,12.932856,77.600929,12.829289,77.58754
201,12.955892,77.727661,12.955716,77.719902
202,12.999996,77.675888,13.003212,77.681618
203,12.989937,77.502174,12.98261,77.53083
204,12.992056,77.575302,12.983915,77.572403
205,12.959528,77.652863,12.956492,77.695389
206,12.960544,77.641823,12.966026,77.619881
207,13.029757,77.537987,12.998032,77.523743
208,12.892381,77.602837,12.888924,77.615791
209,13.004066,77.663261,12.998095,77.663756
210,12.916576,77.613533,12.856826,77.663872
211,13.055104,77.480232,13.045553,77.507301
212,12.916371,77.614853,12.917852,77.572723
213,12.951148,77.567627,12.941715,77.561844
214,12.986205,77.731491,12.97808,77.711166
215,12.877729,77.646973,12.854243,77.665848
216,12.964632,77.585968,12.981653,77.62896
217,12.935399,77.691208,12.916476,77.602203
218,12.898387,77.715248,12.907456,77.69458
219,12.928411,77.486534,13.015683,77.554146
220,12.970963,77.604805,12.960245,77.645477
221,13.038193,77.589377,12.963638,77.578835
222,12.866931,77.655548,12.916121,77.638641
223,13.00873,77.568901,12.998435,77.556534
224,13.043357,77.590668,12.978001,77.573311
225,12.842724,77.641739,12.844128,77.608414
226,13.114591,77.579018,13.135452,77.569077
227,12.880603,77.595894,12.891145,77.598289
228,12.916762,77.600983,12.924533,77.649529
229,12.835256,77.514496,12.813419,77.512016
230,13.00031,77.683167,12.997304,77.690727
231,12.815417,77.691742,12.862715,77.658821
232,13.022124,77.629013,13.030862,77.621262
233,12.909449,77.572922,12.884162,77.55127
234,12.916752,77.602783,12.91661,77.610779
235,12.976184,77.530879,12.97726,77.518842
236,13.063172,77.739815,13.090991,77.741341
237,12.950556,77.592331,12.946349,77.595154
238,12.911527,77.626053,12.930594,77.614418
239,12.897277,77.718605,12.907034,77.695801
240,12.9914,77.687263,12.961809,77.701706
241,13.018288,77.657249,13.040923,77.619965
242,12.976819,77.726768,12.987055,77.731659
243,13.125051,77.612267,13.045144,77.591766
244,12.924369,77.65126,12.915225,77.674683
245,12.969574,77.58712,12.965202,77.595825
246,12.949444,77.593094,12.953921,77.585602
247,12.977441,77.717148,12.987813,77.734558
248,12.80161,77.705017,12.885636,77.641945
249,12.97292,77.62188,12.968587,77.614601
250,12.906191,77.51944,12.9429,77.52581
251,12.975387,77.586754,12.969655,77.587044
252,12.850944,77.668243,12.885668,77.642021
253,12.916459,77.615059,12.923815,77.628075
254,12.965513,77.617386,12.949017,77.620224
255,13.014637,77.564896,13.011832,77.569199
256,12.963935,77.626297,12.95546,77.689209
257,12.919855,77.585808,12.916676,77.608261
258,13.121159,77.484581,13.111754,77.481873
259,12.973496,77.61013,12.976006,77.620232
260,12.985104,77.736633,12.986716,77.73175
261,13.092737,77.559944,13.07656,77.558258
262,13.070962,77.503937,13.046794,77.507828
263,12.979069,77.598251,12.960433,77.593849
264,12.983013,77.761574,12.983429,77.767517
265,13.052759,77.486572,13.045424,77.507576
266,13.150025,77.619446,13.074378,77.592766
267,12.930216,77.600677,12.92056,77.598923
268,12.857644,77.527443,12.834798,77.514191
269,13.054968,77.54382,13.092721,77.559831
270,12.982124,77.58849,13.024927,77.593528
271,12.938081,77.618767,12.948082,77.597389
272,12.918191,77.500404,12.947846,77.534119
273,13.012138,77.66716,13.011541,77.672905
274,12.947023,77.564178,12.951773,77.567528
275,12.982894,77.560936,12.982386,77.567635
276,12.909059,77.494507,12.908069,77.539886
277,12.988902,77.508636,12.983079,77.560188
278,12.880575,77.595963,12.87063,77.59346
279,12.97779,77.714806,12.994268,77.757576
280,13.026558,77.592346,13.021898,77.602966
281,13.030603,77.63073,13.043846,77.556702
282,12.996773,77.451973,12.982049,77.532326
283,12.961587,77.614029,12.965369,77.600479
284,12.858875,77.528214,12.862865,77.530823
285,13.049662,77.507599,13.002058,77.504395
286,12.878728,77.646477,12.871424,77.652153
287,12.894547,77.555901,12.903758,77.507118
288,13.070687,77.541374,13.079863,77.538681
289,12.980064,77.629822,12.975724,77.626144
290,12.845578,77.667877,12.843914,77.604973
291,12.98195,77.566674,12.987676,77.550213
292,12.991413,77.687355,12.976373,77.6968
293,13.003825,77.682915,12.992723,77.660583
294,12.914378,77.486862,12.867215,77.437141
295,13.04723,77.573433,13.008536,77.571678
296,13.068854,77.558235,13.097897,77.596367
297,13.042205,77.597252,13.043566,77.590744
298,13.011555,77.674927,13.036759,77.627586
299,12.943158,77.558731,12.943219,77.564072
300,13.027545,77.561844,13.038953,77.557281
301,12.95614,77.744728,12.945309,77.746964
302,13.132947,77.666862,13.062451,77.649223
303,12.914657,77.487488,12.905573,77.502419
304,12.988668,77.586342,13.043723,77.604156
305,12.961076,77.716637,12.956376,77.707611
306,12.920401,77.600174,12.892634,77.610947
307,12.9186,77.599976,12.929126,77.600609
308,12.955831,77.72187,12.955779,77.716537
309,13.030823,77.72863,12.98507,77.736336
310,13.092717,77.654747,13.137346,77.669373
311,13.049374,77.551712,13.050542,77.541214
312,13.046352,77.522484,13.056376,77.507301
313,12.977313,77.545998,12.986901,77.52034
314,13.045117,77.643806,13.03794,77.641457
315,12.947553,77.594002,12.945658,77.586296
316,12.982969,77.569122,12.982346,77.564095
317,12.978178,77.632805,12.971979,77.654549
318,13.038911,77.518204,13.017761,77.556297
319,12.927825,77.573608,12.921452,77.573586
320,12.955765,77.720535,12.955257,77.700867
321,12.984804,77.749062,12.982748,77.763145
322,12.974666,77.577263,12.980004,77.57151
323,12.944776,77.697899,12.965631,77.702141
324,12.979359,77.582359,12.963392,77.581543
325,13.039709,77.519241,13.024581,77.547783
326,13.063188,77.457703,13.059761,77.463791
327,12.849251,77.522179,12.864523,77.53302
328,13.098904,77.575356,13.072759,77.546242
329,12.990292,77.688225,12.998846,77.673691
330,12.957224,77.715317,12.95462,77.679428
331,13.132673,77.570206,13.109024,77.580582
332,13.044708,77.619301,13.036779,77.627625
333,12.955893,77.692497,12.959274,77.66114
334,12.936295,77.516121,12.945813,77.528732
335,12.922944,77.495926,12.93754,77.520966
336,12.915752,77.623802,12.901964,77.632042
337,12.985039,77.483627,12.990301,77.504211
338,13.040035,77.504702,13.029022,77.49788
339,13.038862,77.589539,12.99783,77.584343
340,12.981842,77.597061,12.959379,77.655006
341,12.92408,77.639214,12.911584,77.626205
342,13.034624,77.759018,13.003465,77.757126
343,12.977334,77.619255,13.039704,77.624496
344,12.954029,77.592239,12.972275,77.582336
345,12.990654,77.722878,12.988587,77.729668
346,12.826568,77.682518,12.877332,77.647057
347,12.929594,77.615631,12.879073,77.646255
348,13.06008,77.462747,13.063491,77.457121
349,12.958609,77.593147,12.92674,77.623199
350,12.927111,77.591301,12.928683,77.585213
351,12.977521,77.590362,13.026672,77.6312
352,13.005826,77.662865,13.025942,77.638847
353,13.010624,77.570068,13.029763,77.538315
354,12.972796,77.508286,12.917517,77.494225
355,12.938156,77.550095,12.919778,77.540776
356,12.967303,77.621964,12.961573,77.635345
357,12.944753,77.607201,12.951176,77.60537
358,12.981012,77.572341,13.020476,77.583807
359,12.913631,77.507217,12.916641,77.497765
360,12.955823,77.692108,12.958044,77.67028
361,12.916462,77.639496,12.923104,77.670273
362,12.973164,77.609566,12.966068,77.62513
363,12.916452,77.613228,12.917083,77.580086
364,12.936685,77.626137,12.944715,77.620079
365,12.973522,77.711243,12.985146,77.752899
366,12.963519,77.513876,12.969351,77.515859
367,12.998216,77.672325,12.991801,77.658531
368,12.995373,77.665657,13.003674,77.663078
369,12.886628,77.566261,12.917666,77.490746
370,12.94998,77.592911,12.936772,77.601707
371,13.024412,77.60326,13.024291,77.596548
372,12.917314,77.73735,12.944192,77.747032
373,12.98458,77.578407,12.975193,77.586914
374,12.927451,77.620979,12.925738,77.625427
375,13.044755,77.574699,12.983882,77.578346
376,12.96564,77.617401,12.967248,77.622398
377,12.965819,77.604218,12.968093,77.592323
378,13.057456,77.592415,13.044186,77.59108
379,13.135055,77.747421,13.151131,77.728378
380,13.035417,77.526817,13.07507,77.504341
381,13.006147,77.686996,12.999278,77.674232
382,13.014632,77.592834,13.006305,77.592964
383,12.95317,77.56749,12.913106,77.540726
384,12.956634,77.704796,12.968021,77.591248
385,12.852585,77.58844,12.862651,77.648155
386,12.960368,77.701462,12.95268,77.700111
387,12.921706,77.743393,12.875697,77.76564
388,12.960316,77.514534,13.010802,77.55014
389,13.042326,77.744736,13.05595,77.657448
390,12.980777,77.574226,13.015155,77.559586
391,12.900562,77.573128,12.884262,77.551483
392,12.967805,77.587601,12.963509,77.583458
393,12.97892,77.540764,12.991891,77.442635
394,12.991942,77.714668,12.987828,77.73851
395,13.080028,77.538467,13.04494,77.556824
396,12.988259,77.51162,12.986508,77.521454
397,12.845633,77.68943,12.836716,77.68219
398,12.880131,77.567146,12.85857,77.58773
399,12.961641,77.594292,12.978584,77.583481
400,13.040013,77.742134,13.023297,77.715446
401,12.897113,77.571129,12.866502,77.630676
402,12.968542,77.586479,12.992787,77.595001
403,12.917676,77.57261,12.923793,77.553683
404,12.943341,77.5261,12.94623,77.529816
405,12.997832,77.551193,13.004615,77.549835
406,12.982572,77.537247,12.97792,77.545082
407,12.884336,77.551437,12.89699,77.57077
408,12.992327,77.717224,12.984431,77.736015
409,12.91055,77.626663,12.917993,77.622185
410,13.103816,77.600166,13.13081,77.614922
411,12.990214,77.520164,12.997955,77.523567
412,13.021932,77.532695,12.961064,77.512761
413,12.898045,77.571892,12.861773,77.56237
414,12.96042,77.643402,12.977469,77.573952
415,12.97587,77.564453,12.938047,77.569366
416,12.923592,77.654541,12.921475,77.644417
417,13.039717,77.589577,13.033802,77.588348
418,12.929978,77.633057,12.936126,77.628052
419,13.063676,77.593437,13.040446,77.589676
420,12.95211,77.640015,12.978618,77.646454
421,12.984016,77.691902,13.037645,77.626472
422,12.970936,77.586975,12.930458,77.614563
423,12.893669,77.567795,12.910647,77.572884
424,12.945377,77.527824,12.966998,77.512416
425,12.927903,77.576935,12.961167,77.575111
426,12.968955,77.586052,12.976335,77.574661
427,12.980657,77.654778,12.979659,77.662247
428,12.895239,77.569313,12.90039,77.573006
429,13.069508,77.593147,12.988655,77.581039
430,12.963128,77.576294,12.96401,77.582314
431,12.906354,77.542839,12.904638,77.527451
432,13.018486,77.557938,12.989156,77.550407
433,12.991339,77.55262,12.988167,77.555916
434,12.914496,77.447906,12.896116,77.454788
435,12.858846,77.55806,12.882018,77.565552
436,12.999841,77.674957,12.992664,77.686394
437,12.988182,77.577454,12.985322,77.572205
438,12.925353,77.626678,12.918433,77.622261
439,12.979119,77.629372,12.985891,77.645103
440,12.817128,77.567223,12.805654,77.561531
441,12.850298,77.586098,12.847129,77.662003
442,12.806251,77.699089,12.843831,77.673866
443,12.970586,77.610283,12.958249,77.614151
444,12.922133,77.559586,12.916827,77.600784
445,12.909455,77.627342,12.914221,77.624443
446,12.79695,77.706406,12.822071,77.685829
447,13.05409,77.507645,13.019092,77.553238
448,12.947766,77.533829,12.953008,77.537628
449,13.140204,77.617294,13.150574,77.619354
450,13.143004,77.624062,13.140583,77.640991
451,12.958995,77.659546,12.960395,77.642227
452,12.805837,77.783531,12.879602,77.75367
453,12.93089,77.579422,12.939822,77.577209
454,13.028529,77.464742,13.040222,77.504818
455,13.034646,77.575439,13.028205,77.579208
456,13.008443,77.544708,12.961092,77.559593
457,12.905703,77.629547,12.909726,77.627136
458,13.044203,77.592194,13.038287,77.589378
459,13.003324,77.569618,12.989864,77.572281
460,12.973763,77.579514,12.977462,77.573608
461,12.844308,77.598068,12.832204,77.606514
462,12.920865,77.620293,12.973899,77.641022
463,12.939989,77.523781,12.991746,77.550865
464,12.938923,77.696487,12.960156,77.701271
465,12.997143,77.610863,12.991744,77.604538
466,12.959453,77.577667,12.932723,77.61248
467,12.959221,77.577606,12.935657,77.608337
468,12.976963,77.71003,12.958835,77.715927
469,13.092624,77.596977,13.130704,77.614899
470,12.991366,77.606461,12.992619,77.594887
471,13.074307,77.55735,13.042051,77.594917
472,12.9723,77.4617,12.966888,77.459023
473,12.907392,77.695312,12.860765,77.778351
474,13.023792,77.584648,12.981254,77.650764
475,12.994052,77.663254,12.991338,77.657654
476,12.956244,77.711624,12.977159,77.719727
477,12.997347,77.502876,13.028003,77.518257
478,12.907827,77.47592433,12.91080517,77.4843515
479,12.909973,77.686378,12.911892,77.68187
480,12.889257,77.563049,12.924403,77.576889
481,12.99330967,77.5850515,13.06596533,77.58075183
482,12.919367,77.563545,12.983388,77.530289
483,12.99717,77.670486,13.040935,77.620026
484,12.901515,77.632248,12.906255,77.629189
485,13.033999,77.568703,13.043498,77.55941
486,13.070384,77.444641,13.079713,77.424202
487,12.981769,77.693558,12.923893,77.651787
488,12.855917,77.588745,12.882225,77.59594
489,12.973173,77.508562,12.940664,77.493185
490,12.921256,77.620682,12.910918,77.62661
491,12.937209,77.601006,12.978165,77.573021
492,12.977518,77.598984,12.947004,77.594345
493,13.003248,77.662243,13.029604,77.665477
494,12.956192,77.710518,12.95931,77.655807
495,12.972444,77.582092,12.967019,77.588181
496,13.043948,77.59079,13.105614,77.601082
497,12.936883,77.574181,12.921481,77.593452
498,13.128073,77.773758,13.11713,77.773376
499,13.027469,77.6325,13.04,77.624298
500,12.987962,77.517654,12.978354,77.5532
501,13.0785,77.593002,13.07381,77.592834
502,13.127127,77.613022,13.143657,77.617233
503,12.908881,77.54882,12.916887,77.593872
504,13.009059,77.420448,13.008028,77.432251
505,12.924234,77.553963,12.91655,77.570862
506,12.916833,77.627968,12.911217,77.62635
507,12.96203,77.564003,12.972218,77.582184
508,13.03994,77.518738,13.02902,77.540077
509,13.003706,77.504601,13.012748,77.508095
510,12.836289,77.679085,12.843413,77.674149
511,12.958171,77.668327,12.954529,77.680054
512,12.92811,77.681206,12.924209,77.650764
513,12.825589,77.683037,12.846044,77.672142
514,12.843861,77.598022,12.843825,77.612061
515,12.803458,77.54583,12.84212,77.588425
516,12.98531,77.643616,13.013738,77.699844
517,13.000416,77.524727,13.019508,77.53196
518,12.961498,77.56015,12.962789,77.565643
519,12.90955,77.572975,12.873429,77.566612
520,12.870874,77.593376,12.932778,77.600822
521,12.961837,77.575485,12.960245,77.558151
522,12.967537,77.587402,12.967679,77.599945
523,12.876328,77.566864,12.894187,77.568237
524,13.039817,77.624786,13.014795,77.662262
525,12.977332,77.719254,12.978993,77.727303
526,12.982859,77.597092,12.955487,77.592384
527,13.062119,77.740898,13.047068,77.749901
528,13.060276,77.632835,13.104412,77.605354
529,12.906815,77.473816,12.884932,77.449417
530,12.959875,77.649261,12.959378,77.654442
531,13.026134,77.720779,13.017407,77.705101
532,12.946341,77.589462,12.992713,77.604813
533,13.0633,77.593147,13.098909,77.586433
534,12.852291,77.54644,12.845396,77.665405
535,13.008038,77.500864,13.009132,77.490544
536,13.106986,77.581352,13.051107,77.55294
537,13.008642,77.591545,13.00266,77.594025
538,12.960534,77.747314,12.956759,77.744202
539,12.920292,77.5895,12.917265,77.595978
540,13.043756,77.600594,13.043819,77.60611
541,12.980641,77.574257,12.96686,77.588066
542,12.813218,77.581322,12.797643,77.613251
543,12.952419,77.541153,12.966155,77.535179
544,12.942732,77.576859,12.953374,77.576759
545,12.993187,77.584106,13.028051,77.585663
546,12.815362,77.671219,12.803052,77.662285
547,12.939223,77.557449,12.964742,77.568184
548,12.989942,77.499367,12.995232,77.501862
549,12.929619,77.505013,12.951164,77.537407
550,13.034728,77.5886,13.006433,77.592957
551,12.98888,77.728073,12.992908,77.757072
552,12.953337,77.592628,12.933171,77.611961
553,12.923424,77.625801,12.893555,77.637329
554,12.944218,77.494667,12.959746,77.503967
555,12.973669,77.508835,12.965797,77.504906
556,13.088867,77.594002,13.082376,77.593056
557,13.008252,77.695831,12.998779,77.673416
558,13.017681,77.583984,12.975987,77.598366
559,13.041737,77.557213,13.0256,77.562149
560,12.998755,77.573204,12.995247,77.55188
561,12.904137,77.526161,12.907389,77.490166
562,12.938592,77.598328,12.975078,77.5765
563,13.017558,77.543144,12.979798,77.571098
564,12.959016,77.701233,12.935329,77.691048
565,13.079627,77.514938,13.071983,77.525208
566,12.996461,77.607246,13.012111,77.625595
567,12.882689,77.643738,12.903406,77.631012
568,12.93738533,77.520831,12.94799667,77.5342945
569,12.813039,77.693909,12.807581,77.698235
570,13.00003,77.675575,12.977005,77.719269
571,13.025553,77.629814,13.005164,77.620209
572,12.862105,77.563103,12.86665,77.565254
573,12.993315,77.570221,12.987232,77.573723
574,12.923996,77.553212,12.937727,77.533752
575,12.955927,77.578033,12.956914,77.583015
576,12.859094,77.557961,12.89031,77.564011
577,12.955905,77.713402,12.995612,77.758301
578,13.060721,77.593483,13.118145,77.577568
579,13.040103,77.517982,13.06566,77.492271
580,13.072818,77.503143,13.038123,77.522072
581,12.997024,77.67009,12.996846,77.664383
582,13.080106,77.424362,13.078425,77.429253
583,12.956921,77.702065,12.957576,77.71534
584,12.91998,77.744614,12.916865,77.763077
585,13.102291,77.632011,13.100585,77.59494
586,12.858191,77.588951,12.899258,77.600563
587,12.982396,77.633247,12.984031,77.640144
588,12.977816,77.573135,12.934424,77.580002
589,12.934514,77.610069,12.907265,77.628845
590,12.822706,77.685814,12.799689,77.715569
591,12.866211,77.436478,12.860193,77.431305
592,13.060745,77.632973,13.10405,77.619286
593,12.884076,77.598442,12.872402,77.594017
594,12.953512,77.700409,12.939762,77.695381
595,12.975425,77.587105,12.971575,77.606537
596,12.936726,77.580421,12.954666,77.579971
597,12.910284,77.482796,12.922193,77.484413
598,12.98464,77.601276,13.015766,77.597612
599,13.013197,77.588371,13.021663,77.551872
600,12.896391,77.720764,12.8927,77.728188
601,12.928557,77.681648,12.934054,77.689507
602,12.911633,77.554993,12.917077,77.559471
603,12.902236,77.601196,12.8914,77.607544
604,12.836218,77.625038,12.84235,77.618538
605,12.968035,77.592644,12.978416,77.572647
606,12.995039,77.783493,12.985274,77.781929
607,12.936988,77.603065,12.933242,77.611778
608,12.953066,77.58667,12.947283,77.594254
609,13.016327,77.583778,13.017245,77.659996
610,12.961644,77.633469,12.957107,77.698608
611,12.983421,77.767174,12.985662,77.777657
612,12.994589,77.757843,12.957055,77.737099
613,13.081338,77.559654,13.053462,77.556801
614,12.99455,77.663948,12.994794,77.698883
615,13.039208,77.564308,13.04899,77.567513
616,13.03055,77.621147,12.989773,77.599388
617,12.951836,77.594589,12.968439,77.601036
618,13.017739,77.65889,13.006111,77.662979
619,12.927123,77.621872,12.951448,77.590851
620,12.967347,77.588409,12.963771,77.557396
621,12.808641,77.697433,12.803782,77.701492
622,13.044099,77.59082,13.095495,77.597733
623,12.910685,77.545357,12.913576,77.550247
624,12.987898,77.707237,13.000272,77.679703
625,12.911227,77.626228,12.925187,77.617714
626,13.079961,77.496574,13.063826,77.50499
627,12.936083,77.625267,12.938659,77.632629
628,12.958802,77.535469,12.964153,77.537819
629,12.920889,77.665787,12.9237,77.653976
630,13.000282,77.675964,12.995085,77.69809
631,13.08007,77.538406,13.073021,77.541336
632,12.985295,77.527214,12.97836,77.543648
633,13.100745,77.594879,13.093958,77.582642
634,12.980357,77.537582,12.953032,77.539864
635,12.91777,77.573441,12.916877,77.594223
636,12.912902,77.625198,12.922545,77.619293
637,12.889975,77.639557,12.885773,77.642113
638,13.041116,77.617432,13.000404,77.677643
639,13.022982,77.592255,13.002858,77.594078
640,12.979834,77.572197,13.003656,77.550026
641,12.995175,77.697731,12.987077,77.731682
642,12.97833,77.573219,12.993256,77.571518
643,12.895648,77.636246,12.817228,77.690796
644,12.888407,77.640221,12.918982,77.621521
645,12.929149,77.616905,12.924519,77.631302
646,12.975631,77.587173,12.965793,77.619736
647,12.926307,77.67691,12.952451,77.69989
648,12.983626,77.57254,12.979094,77.57106
649,12.906018,77.450027,12.922933,77.484459
650,12.823338,77.685097,12.810167,77.696205
651,12.802143,77.704765,12.820235,77.687637
652,12.983198,77.752258,12.952243,77.744431
653,13.007828,77.548813,12.993768,77.5392
654,13.097826,77.568054,13.018699,77.561363
655,12.955133,77.687485,12.955951,77.692459
656,13.029484,77.539116,13.024168,77.548492
657,12.869114,77.766495,12.921451,77.736443
658,12.920521,77.583672,12.926405,77.583679
659,12.852922,77.667007,12.841419,77.676079
660,12.977887,77.572731,12.975927,77.564461
661,12.91127,77.683144,12.923378,77.655731
662,12.923832,77.553864,12.963584,77.567993
663,13.037732,77.626328,13.042874,77.591583
664,12.997603,77.670448,12.992577,77.686333
665,12.955374,77.545258,12.929338,77.504623
666,12.898107,77.600105,12.902748,77.601067
667,12.941885,77.597382,12.952733,77.59362
668,12.929023,77.486771,13.011233,77.507057
669,13.110638,77.633705,13.072363,77.633652
670,12.972461,77.581932,12.978372,77.572739
671,12.975249,77.509529,12.969539,77.506355
672,12.963647,77.61853,12.966996,77.610001
673,12.953578,77.542183,12.956819,77.549149
674,13.028443,77.540421,13.078734,77.42717
675,12.956015,77.729294,12.955819,77.721931
676,12.937229,77.745583,12.942918,77.746956
677,12.7973,77.505951,12.879188,77.545357
678,13.034208,77.531044,12.977322,77.574287
679,12.964597,77.625931,12.969805,77.712616
680,12.925805,77.676414,12.803664,77.701164
681,12.902207,77.631783,12.963329,77.584915
682,13.077309,77.652748,12.982836,77.622643
683,12.861935,77.732132,12.930581,77.685516
684,12.903545,77.429932,12.97858,77.571884
685,13.069377,77.788261,13.053061,77.76152
686,12.96377,77.479912,12.961286,77.5588
687,12.903693,77.514473,12.853761,77.588585
688,13.05189,77.487877,13.083078,77.418701
689,12.907306,77.418327,12.938893,77.5224
690,12.852241,77.599876,12.91939,77.599991
691,13.100014,77.596146,13.045932,77.556122
692,12.872512,77.539307,12.795038,77.524368
693,12.899245,77.712814,12.987576,77.735466
694,12.921637,77.742592,12.994965,77.684601
695,12.951916,77.537086,12.866254,77.508286
696,12.988541,77.711273,12.988913,77.652084
697,12.999279,77.673782,13.026247,77.769745
698,12.958753,77.66465,12.984154,77.751343
699,12.854772,77.554207,12.944087,77.57682
700,12.956771,77.702843,12.978064,77.571587
701,12.995626,77.666458,13.041105,77.619179
702,13.137848,77.479431,13.040229,77.518402
703,13.122089,77.611168,12.977887,77.5737
704,12.794768,77.719635,12.893369,77.637131
705,12.981069,77.787941,12.985301,77.747681
706,13.060986,77.461876,12.993678,77.597359
707,12.960106,77.701294,13.043267,77.593918
708,12.839773,77.418312,12.907158,77.474167
709,12.80007,77.71447,12.901364,77.632317
710,12.954177,77.585419,12.81549,77.583076
711,12.890978,77.598129,12.957126,77.577484
712,12.968024,77.5056,12.981515,77.570084
713,13.017189,77.627945,12.964376,77.555496
714,12.977482,77.573273,12.949884,77.5009
715,12.901134,77.688271,12.883519,77.752213
716,12.976533,77.509987,12.915961,77.488548
717,12.979703,77.57122,12.912279,77.537117
718,12.975304,77.750763,12.957981,77.670952
719,13.030288,77.537651,12.941191,77.493324
720,12.89795,77.462616,12.961789,77.575493
721,12.904725,77.63018,12.975425,77.570946
722,12.916706,77.609985,12.840327,77.676704
723,13.046474,77.751015,12.988424,77.65152
724,13.130646,77.418739,13.044834,77.50914
725,12.883598,77.643387,12.802887,77.703568
726,12.97646,77.58654,13.000488,77.681412
727,13.105925,77.572479,13.04328,77.590584
728,12.982028,77.625183,13.054737,77.763817
729,13.155079,77.622459,13.036661,77.589355
730,12.924532,77.650429,12.967934,77.7136
731,12.995412,77.75824,12.9566,77.704956
732,12.987507,77.740097,12.983525,77.639137
733,13.042498,77.612572,12.992049,77.713737
734,13.008199,77.692299,12.999277,77.621216
735,13.101507,77.594894,13.033402,77.558174
736,12.909617,77.53598,12.975479,77.574905
737,13.03364,77.785439,12.997186,77.67009
738,13.057574,77.62632,12.981139,77.59713
739,12.82006,77.512817,12.933954,77.579803
740,12.954742,77.59185,12.874842,77.542488
741,13.000937,77.612984,13.102055,77.599182
742,12.973607,77.595154,13.154914,77.62207
743,12.909558,77.478722,13.02987,77.536842
744,12.97846,77.572212,12.958845,77.665085
745,12.919749,77.580231,12.982745,77.60321
746,12.910978,77.626411,12.982512,77.692863
747,12.797671,77.780403,12.940878,77.747116
748,12.963865,77.701851,13.04285,77.591637
749,12.957161,77.592598,12.958744,77.664795
750,13.083182,77.418556,13.077497,77.431976
751,12.978061,77.571671,12.927941,77.61998
752,12.955174,77.593651,12.887518,77.64106
753,13.153835,77.621445,12.987142,77.579956
754,12.977565,77.572113,13.154076,77.621384
755,12.914448,77.486977,13.012792,77.508148
756,12.794575,77.779388,12.861966,77.771996
757,12.840765,77.676567,12.794845,77.706551
758,13.022824,77.532845,12.998273,77.672066
759,12.958127,77.70134,12.917686,77.623825
760,13.101948,77.585938,13.018398,77.555237
761,12.880771,77.595879,12.971538,77.606628
762,13.039493,77.518867,12.975795,77.56086
763,12.906361,77.629204,12.975354,77.575928
764,12.928644,77.681831,12.985916,77.730667
765,13.043897,77.600449,12.992746,77.68634
766,13.099398,77.597595,13.137543,77.4804
767,12.995617,77.694862,12.967633,77.588943
768,12.91342,77.566208,12.973708,77.600998
769,12.794401,77.70639,12.868807,77.6539
770,12.897825,77.634712,12.794735,77.720078
771,13.08638,77.593712,13.154622,77.67955
772,12.84537,77.672127,12.906407,77.629112
773,12.794745,77.5242,12.896243,77.570091
774,12.919063,77.736488,13.073274,77.782928
775,12.996303,77.783707,12.98092,77.788155
776,12.916577,77.614334,12.954743,77.700417
777,12.865676,77.509033,12.896941,77.635063
778,13.048121,77.560799,12.963519,77.583519
779,13.051958,77.761513,12.9643,77.748566
780,12.982037,77.604019,12.957057,77.701042
781,13.009219,77.549011,12.915208,77.487587
782,13.016765,77.505592,13.098684,77.590637
783,13.011984,77.543999,12.966418,77.616806
784,12.96048,77.56813,12.945456,77.472099
785,13.018657,77.556572,12.951603,77.52121
786,12.861391,77.432289,12.854916,77.421928
787,12.837845,77.51635,12.953349,77.576691
788,12.98336,77.510841,12.913661,77.486336
789,12.83574,77.657097,12.901645,77.632179
790,12.840297,77.418762,12.960844,77.557533
791,12.9885,77.574104,13.130773,77.614838
792,13.033242,77.637665,13.134792,77.667587
793,12.981051,77.657463,12.921221,77.620499
794,12.79477,77.619812,12.872171,77.593834
795,13.078806,77.787506,12.997718,77.67128
796,12.977992,77.573326,13.083715,77.560493
797,12.956871,77.697914,12.963393,77.626488
798,12.885149,77.596626,12.805921,77.578896
799,13.063128,77.505569,12.973976,77.585938
800,12.903991,77.630798,12.794615,77.706497
801,12.914237,77.565765,12.914542,77.486801
802,13.026136,77.513802,12.95301,77.541512
803,12.996434,77.667931,12.984928,77.735558
804,12.9654,77.534798,12.959389,77.66124
805,12.957636,77.701317,12.91734,77.622864
806,13.082178,77.419731,13.052759,77.486557
807,12.923812,77.671593,13.049736,77.592644
808,12.853379,77.523209,12.915699,77.573616
809,13.075448,77.504684,12.991979,77.504623
810,12.852297,77.667206,12.917418,77.623825
811,12.957339,77.572891,12.923784,77.67173
812,13.033124,77.731789,13.072918,77.78688
813,12.963046,77.589523,12.907034,77.63549
814,13.050772,77.630623,12.985439,77.596069
815,13.01963,77.654259,12.986895,77.731644
816,12.960155,77.645653,12.969423,77.749847
817,13.049496,77.494713,13.083119,77.418587
818,12.957769,77.715515,12.961241,77.636719
819,12.933186,77.611839,12.886717,77.742447
820,13.154447,77.621513,13.022884,77.584587
821,13.072626,77.786942,12.951359,77.744705
822,12.978849,77.584923,13.1057,77.582283
823,12.832369,77.513435,12.933731,77.579781
824,13.085061,77.465576,13.034517,77.530304
825,13.043511,77.608841,12.996655,77.668427
826,12.965206,77.586517,13.018697,77.706886
827,12.907091,77.521004,13.01778,77.553665
828,13.088157,77.555679,13.018689,77.555901
829,12.855525,77.579109,12.927277,77.600449
830,12.996866,77.664459,12.925382,77.675522
831,12.952097,77.544495,13.090571,77.596512
832,12.972041,77.610649,12.920679,77.665108
833,12.942192,77.696831,12.966956,77.594681
834,13.059488,77.770599,13.069254,77.787949
835,12.939327,77.472649,12.959376,77.555573
836,12.840344,77.676529,12.926148,77.616966
837,13.002311,77.683273,12.996359,77.612511
838,12.994809,77.664894,12.964381,77.577538
839,12.795113,77.659668,12.898243,77.634254
840,13.082417,77.738617,13.15492,77.729584
841,13.110655,77.579094,13.042474,77.549538
842,12.835273,77.58918,12.794539,77.620232
843,12.990021,77.654831,12.978452,77.572769
844,13.026618,77.622658,13.100851,77.594582
845,12.844458,77.59816,12.896271,77.550705
846,13.073916,77.503441,13.035062,77.557281
847,12.9509,77.621223,12.903037,77.704964
848,12.911655,77.625954,12.845485,77.661972
849,12.93366,77.611343,12.810567,77.695885
850,12.853658,77.730232,12.912821,77.680061
851,12.980305,77.572426,12.921574,77.621155
852,12.916747,77.604332,12.925971,77.676216
853,12.983362,77.76561,12.980859,77.788109
854,13.097158,77.595863,13.035449,77.518089
855,12.962953,77.566475,12.989783,77.499359
856,12.904313,77.473373,12.89623,77.552414
857,12.981399,77.564377,12.874294,77.448357
858,12.832536,77.451035,12.909593,77.479721
859,12.963519,77.583122,12.873275,77.594307
860,12.890199,77.731201,12.924929,77.637665
861,12.983989,77.597549,12.917646,77.57402
862,12.884859,77.596451,12.951952,77.577042
863,12.796728,77.78022,12.941269,77.746437
864,12.95695,77.700897,13.050394,77.620949
865,12.794457,77.706467,12.875388,77.648819
866,13.042755,77.475197,12.843605,77.660255
867,12.926683,77.677818,13.043656,77.601295
868,12.956793,77.70224,12.964247,77.577621
869,12.874577,77.566612,12.961957,77.575584
870,12.917377,77.627167,12.991676,77.687111
871,13.018886,77.556236,13.065603,77.503922
872,12.961891,77.64164,13.050731,77.619858
873,12.959105,77.658379,13.026397,77.623322
874,12.977374,77.574203,12.899269,77.600761
875,12.94727,77.573868,12.914817,77.552544
876,12.885735,77.696419,12.861004,77.776512
877,12.960717,77.641251,12.977994,77.709663
878,12.999777,77.663506,12.984884,77.735771
879,13.091424,77.535255,13.154114,77.523445
880,13.007904,77.662651,12.987665,77.736824
881,12.84021,77.418701,12.947486,77.53299
882,13.02387,77.716537,12.968352,77.613327
883,13.127827,77.666885,13.010814,77.624619
884,12.956954,77.550316,12.840024,77.418686
885,12.957765,77.553078,13.01685,77.505615
886,13.003994,77.553596,13.083291,77.418381
887,12.918221,77.573029,12.916696,77.604477
888,13.000177,77.685715,12.995429,77.783577
889,13.097316,77.595947,13.154925,77.621841
890,12.903988,77.509567,12.917219,77.573128
891,12.93064,77.633034,12.88626,77.743492
892,12.924402,77.648888,12.969421,77.712875
893,12.856202,77.588806,12.953049,77.593254
894,12.796448,77.706512,12.885636,77.641945
895,12.850185,77.691917,12.797767,77.717575
896,12.921113,77.600151,13.04441,77.619064
897,13.012218,77.552338,12.999909,77.675056
898,12.844147,77.66011,12.917473,77.624138
899,12.978448,77.571953,12.884379,77.596436
900,12.844572,77.673576,12.794772,77.719925
901,12.870134,77.566032,12.949259,77.573647
902,12.957081,77.738853,12.938221,77.7883
903,12.848742,77.692474,12.887879,77.640427
904,13.023328,77.51004,12.997605,77.571365
905,12.929315,77.683197,13.041027,77.621025
906,13.083142,77.41864,13.0333,77.532593
907,13.043644,77.590752,12.932896,77.612068
908,12.976434,77.586731,12.836602,77.588982
909,13.009853,77.759132,12.887666,77.750511
910,12.869167,77.536438,12.957158,77.574135
911,12.881715,77.757027,12.987671,77.753853
912,12.808295,77.590462,12.90616,77.594864
913,12.841639,77.589157,12.853139,77.588501
914,12.962448,77.594826,12.932144,77.687912
915,12.846449,77.672203,12.808702,77.784111
916,12.944194,77.52684,13.059783,77.577156
917,13.062675,77.649406,12.968108,77.587303
918,13.005709,77.684662,13.049597,77.629921
919,12.999779,77.674919,12.917733,77.624664
920,12.83991,77.418434,12.908831,77.477661
921,13.047481,77.560646,12.977747,77.584862
922,13.008032,77.546822,12.940793,77.573692
923,12.794742,77.719719,12.886609,77.641251
924,12.980618,77.576752,12.899358,77.558372
925,12.963833,77.577309,12.860634,77.529312
926,12.955406,77.689278,12.965903,77.763008
927,12.997417,77.669991,12.923615,77.654121
928,12.907966,77.521095,12.959823,77.574181
929,13.072463,77.787781,13.035814,77.736153
930,12.978582,77.573059,12.961611,77.635216
931,12.877289,77.735832,12.91422,77.676743
932,12.920573,77.736572,13.050931,77.747711
933,12.978991,77.582848,12.870712,77.582321
934,12.7979,77.7062,12.90788,77.628296
935,13.056055,77.632881,12.981197,77.594116
936,13.075189,77.435974,13.045105,77.508591
937,12.978434,77.57251,12.927936,77.619987
938,13.029142,77.593178,12.998139,77.671471
939,13.055904,77.557594,12.948135,77.534706
940,13.038475,77.625771,12.987732,77.734489
941,13.0802,77.692039,13.014316,77.626984
942,13.026842,77.620842,13.099923,77.596329
943,13.006674,77.548714,12.914941,77.487198
944,13.043053,77.551025,12.981254,77.650764
945,12.975818,77.558006,12.987533,77.493393
946,12.961418,77.635849,12.967354,77.716553
947,12.970562,77.594406,12.958172,77.668945
948,13.014437,77.648979,12.98491,77.735123
949,12.926171,77.554466,12.91655,77.564903
950,12.911538,77.557625,12.974289,77.58667
951,13.071629,77.786324,12.957254,77.745682
952,12.978008,77.606613,12.98903,77.727341
953,12.794794,77.719612,12.86835,77.654213
954,12.886366,77.59668,12.978386,77.572716
955,12.999991,77.549911,13.076567,77.578979
956,12.965532,77.619507,12.955919,77.716835
957,12.959399,77.577744,12.896026,77.55217
958,12.794581,77.719887,12.886711,77.641182
959,12.83588,77.657372,12.913842,77.624733
960,12.79465,77.620064,12.888066,77.597054
961,12.966559,77.598534,13.03223,77.730568
962,12.911107,77.500168,12.916632,77.571373
963,13.000712,77.75769,12.848283,77.728233
964,13.008383,77.693199,13.06553,77.776062
965,12.959221,77.577606,12.92219,77.659866
966,13.019783,77.583847,12.992838,77.710342
967,13.043263,77.59877,13.011633,77.662254
968,12.914589,77.564613,12.912485,77.48539
969,12.795284,77.706596,12.924479,77.618156
970,13.148135,77.674088,13.041662,77.624847
971,12.849276,77.588211,12.913413,77.485832
972,12.973625,77.620079,13.154669,77.621811
973,13.033597,77.531532,13.082325,77.418755
974,12.910478,77.685204,12.929153,77.616539
975,12.839329,77.654999,12.850945,77.588226
976,12.99879,77.663574,12.984927,77.736122
977,12.917078,77.623528,12.845358,77.666107
978,12.851707,77.522423,12.952425,77.5765
979,12.960544,77.701584,12.845413,77.665047
980,12.967838,77.615105,12.95631,77.710258
981,12.89642,77.63562,12.83573,77.657295
982,12.794835,77.505394,12.874864,77.542099
983,13.026011,77.632393,12.971243,77.699821
984,13.076763,77.653778,13.002128,77.612572
985,12.999982,77.675407,12.99112,77.782082
986,12.989706,77.653694,12.99033,77.724045
987,12.882382,77.596008,12.966087,77.587326
988,12.942934,77.494064,13.025989,77.544693
989,12.973673,77.550117,12.966351,77.458794
990,13.084524,77.549973,13.018635,77.572495
991,12.906729,77.520432,12.916701,77.602203
992,12.898127,77.716034,12.997877,77.671707
993,13.098698,77.596931,13.152082,77.620132
994,12.95532,77.53476,12.919671,77.59259
995,12.99296,77.705742,12.965268,77.599869
996,12.918079,77.573067,13.008832,77.526741
997,12.956903,77.701485,13.046754,77.619667
998,12.889976,77.597923,12.794438,77.620583
999,12.911345,77.484779,13.03524,77.541267
1000,12.924424,77.650917,12.997038,77.669975
1001,12.91601,77.63665,12.916932,77.586319
1002,12.873171,77.766151,12.978327,77.751289
1003,12.994432,77.757774,12.963891,77.691551
1004,12.813693,77.609344,12.90381,77.601425
1005,12.879853,77.595551,12.978351,77.571854
1006,12.983783,77.557983,12.963062,77.627106
1007,12.978911,77.602287,13.084695,77.63475
1008,13.018655,77.555756,12.954529,77.501511
1009,12.978937,77.572723,12.959086,77.6632
1010,13.110726,77.577927,13.018632,77.561295
1011,12.960319,77.560646,12.840009,77.418648
1012,12.928743,77.682045,13.040968,77.623466
1013,12.95639,77.701134,12.909111,77.627487
1014,12.957206,77.592567,12.920774,77.665039
1015,12.956156,77.580925,12.872343,77.651588
1016,12.84115,77.485741,12.953202,77.538216
1017,12.987456,77.492683,12.960415,77.571701
1018,12.930257,77.487198,13.033552,77.558006
1019,12.844853,77.672386,12.924418,77.649033
1020,13.154506,77.622063,13.095129,77.597916
1021,12.963378,77.582802,13.008344,77.692917
1022,12.819218,77.512115,12.935281,77.579414
1023,12.815367,77.671295,12.9113,77.626175
1024,12.892777,77.598793,12.978488,77.572525
1025,12.921519,77.666885,12.988552,77.729469
1026,12.957312,77.60582,13.022245,77.648392
1027,13.08096,77.502831,13.046374,77.580841
1028,12.939392,77.492828,12.977659,77.571228
1029,12.984318,77.752602,13.070044,77.783401
1030,13.08312,77.418617,13.058838,77.466209
1031,13.004647,77.553795,12.978256,77.664146
1032,13.134463,77.668442,13.077517,77.654762
1033,12.922342,77.484367,13.02332,77.56292
1034,12.902546,77.631485,12.971491,77.606468
1035,12.963255,77.576424,12.866063,77.580887
1036,13.072505,77.787872,13.064367,77.775131
1037,12.79469,77.619728,12.887466,77.596893
1038,13.154118,77.748795,13.00817,77.695679
1039,12.991755,77.599899,12.959319,77.660728
1040,12.91477,77.487015,12.963695,77.56794
1041,12.893972,77.636925,12.946933,77.594498
1042,12.923123,77.657265,12.861547,77.7882
1043,12.955744,77.720497,12.966737,77.608894
1044,13.011127,77.550552,12.928086,77.486496
1045,13.028948,77.620667,12.978299,77.57151
1046,13.109903,77.463722,13.043167,77.512581
1047,13.02135,77.628662,13.12128,77.618027
1048,13.132518,77.745651,12.954903,77.744247
1049,13.047082,77.561104,12.961069,77.504501
1050,12.89811,77.545906,12.816263,77.511391
1051,12.963994,77.577545,12.895792,77.636009
1052,12.941096,77.624588,12.856477,77.664185
1053,12.977637,77.726578,12.985487,77.644264
1054,12.917039,77.57341,12.951101,77.49942
1055,12.916455,77.611664,12.976755,77.586212
1056,12.8021,77.705025,12.794759,77.706497
1057,12.984635,77.641953,12.987889,77.731621
1058,12.890703,77.563332,12.843045,77.616219
1059,13.039801,77.624565,12.987559,77.512794
1060,12.902586,77.47094,12.836159,77.657143
1061,12.970553,77.594376,13.023703,77.715431
1062,12.972333,77.441559,13.029541,77.49926
1063,13.046331,77.561134,12.996416,77.667961
1064,12.977419,77.574226,12.997827,77.671036
1065,12.9362,77.607574,12.836047,77.679352
1066,13.084986,77.708801,12.996539,77.668961
1067,13.025814,77.640099,12.983995,77.751991
1068,13.14036,77.468475,13.035118,77.52877
1069,13.154938,77.729706,13.148654,77.728394
1070,12.916913,77.596802,12.872643,77.651222
1071,12.876496,77.576797,12.953752,77.592087
1072,12.8707,77.590469,12.958674,77.582649
1073,13.04666,77.565819,12.986445,77.647957
1074,13.012422,77.529343,13.042972,77.589737
1075,12.816546,77.583443,12.903867,77.507912
1076,12.925488,77.549652,12.846051,77.661621
1077,12.95596,77.726662,12.959581,77.650398
1078,13.057634,77.470161,13.08303,77.418762
1079,12.839352,77.654839,12.841723,77.588577
1080,12.940618,77.5756,12.858694,77.528183
1081,12.985538,77.48008,12.96207,77.569031
1082,12.973357,77.419167,12.982888,77.530769
1083,12.794511,77.505424,12.920053,77.574219
1084,12.994154,77.685326,12.917698,77.625572
1085,12.916629,77.610619,12.979923,77.657211
1086,12.917646,77.626076,12.977814,77.715454
1087,12.912865,77.485466,12.921709,77.560493
1088,12.963515,77.583267,12.895851,77.552605
1089,12.855583,77.58876,12.9381,77.598747
1090,12.848694,77.58828,12.846908,77.669968
1091,12.86072,77.510277,12.895353,77.569389
1092,12.905525,77.585472,12.917477,77.494148
1093,12.921862,77.742943,12.986654,77.753494
1094,13.014166,77.637718,12.946888,77.597672
1095,13.019642,77.502022,13.079237,77.501381
1096,12.978554,77.572624,13.083322,77.560219
1097,12.921648,77.736458,12.794879,77.779617
1098,13.050558,77.592857,13.154302,77.568092
1099,12.94827,77.573662,13.050322,77.621254
1100,12.999558,77.674744,12.923648,77.65377
1101,12.924682,77.648941,12.93523,77.687592
1102,12.83904,77.65696,12.861872,77.585106
1103,12.961555,77.577744,12.895879,77.63607
1104,13.098125,77.591217,12.98735,77.594543
1105,12.916639,77.608215,12.846628,77.672043
1106,12.978281,77.572884,12.989263,77.652969
1107,13.037986,77.589165,13.154258,77.621414
1108,13.087279,77.635178,13.099147,77.597229
1109,13.074285,77.592583,13.154984,77.682396
1110,12.984073,77.586647,12.993801,77.702606
1111,13.04108,77.623482,13.038374,77.521042
1112,13.013172,77.761032,12.902555,77.747459
1113,12.916709,77.602127,12.92632,77.677254
1114,12.955786,77.620941,13.022157,77.602257
1115,12.981053,77.787979,12.983928,77.783043
1116,12.845474,77.672089,12.916941,77.623459
1117,12.85071,77.691032,12.794448,77.720467
1118,13.027703,77.632507,13.07001,77.68074
1119,12.925519,77.549713,13.016533,77.505524
1120,12.954518,77.54435,13.012748,77.508095
1121,13.020308,77.674919,12.966251,77.60704
1122,12.951208,77.699593,13.042702,77.591141
1123,12.84919,77.58828,12.914202,77.486511
1124,12.834877,77.527115,12.908744,77.572922
1125,12.985302,77.524612,13.064453,77.45536
1126,12.871548,77.58329,12.955282,77.580147
1127,12.907263,77.41864,12.953181,77.53791
1128,13.070181,77.783249,12.970022,77.749977
1129,12.975744,77.619965,13.035729,77.735489
1130,13.11069,77.578377,13.035579,77.557541
1131,13.064125,77.593468,12.976711,77.601845
1132,12.923656,77.62738,12.794648,77.70649
1133,12.979089,77.695076,12.917853,77.624969
1134,13.017566,77.559784,13.082961,77.418793
1135,13.045575,77.52195,13.153796,77.568192
1136,12.968551,77.536407,12.960436,77.643585
1137,12.988437,77.496262,12.961548,77.575264
1138,12.948574,77.598236,12.870802,77.652786
1139,12.960419,77.576767,12.888274,77.562004
1140,12.796905,77.70639,12.868422,77.654198
1141,12.91366,77.486526,12.839724,77.418381
1142,12.84051,77.596512,12.84526,77.666344
1143,12.911229,77.572945,12.812521,77.512032
1144,13.042893,77.591438,13.007848,77.692841
1145,12.995022,77.571365,13.079924,77.502022
1146,12.895999,77.721352,12.923568,77.654648
1147,12.994741,77.522018,13.045911,77.5812
1148,12.902414,77.561234,12.860014,77.653671
1149,13.022489,77.601791,12.973994,77.547203
1150,13.020134,77.502251,12.990847,77.574463
1151,12.810402,77.695709,12.908443,77.627914
1152,12.963237,77.566544,12.896891,77.461311
1153,12.961957,77.576561,12.991376,77.499138
1154,12.872977,77.651108,12.7946,77.720131
1155,13.029013,77.586205,13.154385,77.621681
1156,13.154572,77.622116,13.112248,77.605614
1157,13.042261,77.591789,12.99234,77.686699
1158,12.91364,77.486275,12.794713,77.432312
1159,13.008195,77.692451,13.042518,77.589973
1160,13.036069,77.708847,12.991309,77.657669
1161,12.964155,77.578987,13.024796,77.603416
1162,13.03945,77.518265,12.978132,77.573402
1163,12.977835,77.57309,12.901485,77.573502
1164,12.917145,77.622826,12.794597,77.720222
1165,12.928944,77.567963,13.041289,77.622528
1166,12.989327,77.506813,12.960026,77.574654
1167,13.007313,77.787956,12.995582,77.694725
1168,13.071722,77.786575,12.948439,77.745796
1169,13.033012,77.53241,13.082138,77.419235
1170,13.050046,77.592987,12.911495,77.57299
1171,12.984811,77.556923,12.959237,77.662277
1172,13.080021,77.502167,12.999956,77.504257
1173,12.853681,77.523537,12.794502,77.505402
1174,13.155008,77.787209,13.080799,77.782158
1175,12.916636,77.59993,13.040647,77.623756
1176,13.067205,77.651787,12.978004,77.59108
1177,13.039817,77.624084,13.099264,77.597145
1178,12.967839,77.588524,12.956385,77.709106
1179,12.952721,77.521355,12.974619,77.548889
1180,12.908093,77.539757,12.965483,77.586601
1181,12.906526,77.628471,12.977478,77.57354
1182,12.918556,77.570992,12.914904,77.48745
1183,12.961063,77.6381,12.957576,77.71534
1184,12.982747,77.44178,12.959135,77.516792
1185,12.932934,77.488159,12.911624,77.556389
1186,13.021619,77.649826,12.953812,77.700348
1187,12.997214,77.551216,12.998857,77.663506
1188,12.963721,77.577255,12.907968,77.537743
1189,12.976628,77.586372,12.923868,77.640282
1190,12.979266,77.598152,12.930486,77.553474
1191,12.952897,77.541145,12.90266,77.469551
1192,12.916537,77.613892,12.840733,77.67646
1193,13.000381,77.677849,12.919962,77.643227
1194,12.870768,77.652832,12.802025,77.703362
1195,12.794421,77.505356,12.883897,77.550041
1196,13.042678,77.58979,13.022484,77.532829
1197,12.978837,77.58316,12.973058,77.676323
1198,12.995361,77.665894,12.983381,77.76767
1199,12.990829,77.571442,13.092975,77.524193
1200,13.097792,77.591736,13.154475,77.568077
1201,12.794702,77.624046,12.86379,77.616608
1202,12.92227,77.743591,12.983501,77.752258
1203,12.918303,77.5895,12.923568,77.655655
1204,12.984523,77.600754,13.083735,77.560806
